plate_no	plate_col	plate_row	pcr_id	tag_fwd	tag_rev	primer_fwd	primer_rev	project	sample_id	type	control_type
01	01	A	blk-01_r1	acacacac	acacacac	TCACAGACCTGTTATTGC	TTTGTCTGSTTAATTSCG	litiere_18s	blk-01	control	sequencing
01	01	B	H20-As_r1	acagcaca	acacacac	TCACAGACCTGTTATTGC	TTTGTCTGSTTAATTSCG	litiere_18s	H20-As	sample	NA
01	01	C	H20-Bs_r1	gtgtacat	acacacac	TCACAGACCTGTTATTGC	TTTGTCTGSTTAATTSCG	litiere_18s	H20-Bs	sample	NA
01	01	D	H20-Cs_r1	tatgtcag	acacacac	TCACAGACCTGTTATTGC	TTTGTCTGSTTAATTSCG	litiere_18s	H20-Cs	sample	NA
01	01	E	H20-Ds_r1	tagtcgca	acacacac	TCACAGACCTGTTATTGC	TTTGTCTGSTTAATTSCG	litiere_18s	H20-Ds	sample	NA
01	01	F	H20-Es_r1	tactatac	acacacac	TCACAGACCTGTTATTGC	TTTGTCTGSTTAATTSCG	litiere_18s	H20-Es	sample	NA
01	01	G	H20-Fs_r1	actagatc	acacacac	TCACAGACCTGTTATTGC	TTTGTCTGSTTAATTSCG	litiere_18s	H20-Fs	sample	NA
01	01	H	H20-Gs_r1	gatcgcga	acacacac	TCACAGACCTGTTATTGC	TTTGTCTGSTTAATTSCG	litiere_18s	H20-Gs	sample	NA
01	02	A	H20-Hs_r1	acacacac	acagcaca	TCACAGACCTGTTATTGC	TTTGTCTGSTTAATTSCG	litiere_18s	H20-Hs	sample	NA
01	02	B	blk-02_r1	acagcaca	acagcaca	TCACAGACCTGTTATTGC	TTTGTCTGSTTAATTSCG	litiere_18s	blk-02	control	sequencing
01	02	C	H20-Is_r1	gtgtacat	acagcaca	TCACAGACCTGTTATTGC	TTTGTCTGSTTAATTSCG	litiere_18s	H20-Is	sample	NA
01	02	D	H20-Js_r1	tatgtcag	acagcaca	TCACAGACCTGTTATTGC	TTTGTCTGSTTAATTSCG	litiere_18s	H20-Js	sample	NA
01	02	E	H20-Ks_r1	tagtcgca	acagcaca	TCACAGACCTGTTATTGC	TTTGTCTGSTTAATTSCG	litiere_18s	H20-Ks	sample	NA
01	02	F	H20-Ls_r1	tactatac	acagcaca	TCACAGACCTGTTATTGC	TTTGTCTGSTTAATTSCG	litiere_18s	H20-Ls	sample	NA
01	02	G	H20-Ms_r1	actagatc	acagcaca	TCACAGACCTGTTATTGC	TTTGTCTGSTTAATTSCG	litiere_18s	H20-Ms	sample	NA
01	02	H	H20-Ns_r1	gatcgcga	acagcaca	TCACAGACCTGTTATTGC	TTTGTCTGSTTAATTSCG	litiere_18s	H20-Ns	sample	NA
01	03	A	H20-Os_r1	acacacac	gtgtacat	TCACAGACCTGTTATTGC	TTTGTCTGSTTAATTSCG	litiere_18s	H20-Os	sample	NA
01	03	B	H20-Ps_r1	acagcaca	gtgtacat	TCACAGACCTGTTATTGC	TTTGTCTGSTTAATTSCG	litiere_18s	H20-Ps	sample	NA
01	03	C	blk-03_r1	gtgtacat	gtgtacat	TCACAGACCTGTTATTGC	TTTGTCTGSTTAATTSCG	litiere_18s	blk-03	control	sequencing
01	03	D	H20-Qs_r1	tatgtcag	gtgtacat	TCACAGACCTGTTATTGC	TTTGTCTGSTTAATTSCG	litiere_18s	H20-Qs	control	extraction
01	03	E	H20-Al_r1	tagtcgca	gtgtacat	TCACAGACCTGTTATTGC	TTTGTCTGSTTAATTSCG	litiere_18s	H20-Al	sample	NA
01	03	F	H20-Bl_r1	tactatac	gtgtacat	TCACAGACCTGTTATTGC	TTTGTCTGSTTAATTSCG	litiere_18s	H20-Bl	sample	NA
01	03	G	H20-Cl_r1	actagatc	gtgtacat	TCACAGACCTGTTATTGC	TTTGTCTGSTTAATTSCG	litiere_18s	H20-Cl	sample	NA
01	03	H	H20-Dl_r1	gatcgcga	gtgtacat	TCACAGACCTGTTATTGC	TTTGTCTGSTTAATTSCG	litiere_18s	H20-Dl	sample	NA
01	04	A	H20-El_r1	acacacac	tatgtcag	TCACAGACCTGTTATTGC	TTTGTCTGSTTAATTSCG	litiere_18s	H20-El	sample	NA
01	04	B	H20-Fl_r1	acagcaca	tatgtcag	TCACAGACCTGTTATTGC	TTTGTCTGSTTAATTSCG	litiere_18s	H20-Fl	sample	NA
01	04	C	H20-Gl_r1	gtgtacat	tatgtcag	TCACAGACCTGTTATTGC	TTTGTCTGSTTAATTSCG	litiere_18s	H20-Gl	sample	NA
01	04	D	blk-04_r1	tatgtcag	tatgtcag	TCACAGACCTGTTATTGC	TTTGTCTGSTTAATTSCG	litiere_18s	blk-04	control	sequencing
01	04	E	H20-Hl_r1	tagtcgca	tatgtcag	TCACAGACCTGTTATTGC	TTTGTCTGSTTAATTSCG	litiere_18s	H20-Hl	sample	NA
01	04	F	H20-Il_r1	tactatac	tatgtcag	TCACAGACCTGTTATTGC	TTTGTCTGSTTAATTSCG	litiere_18s	H20-Il	sample	NA
01	04	G	H20-Jl_r1	actagatc	tatgtcag	TCACAGACCTGTTATTGC	TTTGTCTGSTTAATTSCG	litiere_18s	H20-Jl	sample	NA
01	04	H	H20-Kl_r1	gatcgcga	tatgtcag	TCACAGACCTGTTATTGC	TTTGTCTGSTTAATTSCG	litiere_18s	H20-Kl	sample	NA
01	05	A	H20-Ll_r1	acacacac	tagtcgca	TCACAGACCTGTTATTGC	TTTGTCTGSTTAATTSCG	litiere_18s	H20-Ll	sample	NA
01	05	B	H20-Ml_r1	acagcaca	tagtcgca	TCACAGACCTGTTATTGC	TTTGTCTGSTTAATTSCG	litiere_18s	H20-Ml	sample	NA
01	05	C	H20-Nl_r1	gtgtacat	tagtcgca	TCACAGACCTGTTATTGC	TTTGTCTGSTTAATTSCG	litiere_18s	H20-Nl	sample	NA
01	05	D	H20-Ol_r1	tatgtcag	tagtcgca	TCACAGACCTGTTATTGC	TTTGTCTGSTTAATTSCG	litiere_18s	H20-Ol	sample	NA
01	05	E	blk-05_r1	tagtcgca	tagtcgca	TCACAGACCTGTTATTGC	TTTGTCTGSTTAATTSCG	litiere_18s	blk-05	control	sequencing
01	05	F	H20-Pl_r1	tactatac	tagtcgca	TCACAGACCTGTTATTGC	TTTGTCTGSTTAATTSCG	litiere_18s	H20-Pl	sample	NA
01	05	G	H20-Ql_r1	actagatc	tagtcgca	TCACAGACCTGTTATTGC	TTTGTCTGSTTAATTSCG	litiere_18s	H20-Ql	control	extraction
01	05	H	MAN-As_r1	gatcgcga	tagtcgca	TCACAGACCTGTTATTGC	TTTGTCTGSTTAATTSCG	litiere_18s	MAN-As	sample	NA
01	06	A	MAN-Bs_r1	acacacac	tactatac	TCACAGACCTGTTATTGC	TTTGTCTGSTTAATTSCG	litiere_18s	MAN-Bs	sample	NA
01	06	B	MAN-Cs_r1	acagcaca	tactatac	TCACAGACCTGTTATTGC	TTTGTCTGSTTAATTSCG	litiere_18s	MAN-Cs	sample	NA
01	06	C	MAN-Ds_r1	gtgtacat	tactatac	TCACAGACCTGTTATTGC	TTTGTCTGSTTAATTSCG	litiere_18s	MAN-Ds	sample	NA
01	06	D	MAN-Es_r1	tatgtcag	tactatac	TCACAGACCTGTTATTGC	TTTGTCTGSTTAATTSCG	litiere_18s	MAN-Es	sample	NA
01	06	E	MAN-Fs_r1	tagtcgca	tactatac	TCACAGACCTGTTATTGC	TTTGTCTGSTTAATTSCG	litiere_18s	MAN-Fs	sample	NA
01	06	F	blk-06_r1	tactatac	tactatac	TCACAGACCTGTTATTGC	TTTGTCTGSTTAATTSCG	litiere_18s	blk-06	control	sequencing
01	06	G	MAN-Gs_r1	actagatc	tactatac	TCACAGACCTGTTATTGC	TTTGTCTGSTTAATTSCG	litiere_18s	MAN-Gs	sample	NA
01	06	H	MAN-Hs_r1	gatcgcga	tactatac	TCACAGACCTGTTATTGC	TTTGTCTGSTTAATTSCG	litiere_18s	MAN-Hs	sample	NA
01	07	A	MAN-Is_r1	acacacac	actagatc	TCACAGACCTGTTATTGC	TTTGTCTGSTTAATTSCG	litiere_18s	MAN-Is	sample	NA
01	07	B	MAN-Js_r1	acagcaca	actagatc	TCACAGACCTGTTATTGC	TTTGTCTGSTTAATTSCG	litiere_18s	MAN-Js	sample	NA
01	07	C	MAN-Ks_r1	gtgtacat	actagatc	TCACAGACCTGTTATTGC	TTTGTCTGSTTAATTSCG	litiere_18s	MAN-Ks	sample	NA
01	07	D	MAN-Ls_r1	tatgtcag	actagatc	TCACAGACCTGTTATTGC	TTTGTCTGSTTAATTSCG	litiere_18s	MAN-Ls	sample	NA
01	07	E	MAN-Ms_r1	tagtcgca	actagatc	TCACAGACCTGTTATTGC	TTTGTCTGSTTAATTSCG	litiere_18s	MAN-Ms	sample	NA
01	07	F	MAN-Ns_r1	tactatac	actagatc	TCACAGACCTGTTATTGC	TTTGTCTGSTTAATTSCG	litiere_18s	MAN-Ns	sample	NA
01	07	G	blk-07_r1	actagatc	actagatc	TCACAGACCTGTTATTGC	TTTGTCTGSTTAATTSCG	litiere_18s	blk-07	control	sequencing
01	07	H	MAN-Os_r1	gatcgcga	actagatc	TCACAGACCTGTTATTGC	TTTGTCTGSTTAATTSCG	litiere_18s	MAN-Os	sample	NA
01	08	A	MAN-Ps_r1	acacacac	gatcgcga	TCACAGACCTGTTATTGC	TTTGTCTGSTTAATTSCG	litiere_18s	MAN-Ps	sample	NA
01	08	B	MAN-Qs_r1	acagcaca	gatcgcga	TCACAGACCTGTTATTGC	TTTGTCTGSTTAATTSCG	litiere_18s	MAN-Qs	control	extraction
01	08	C	MAN-Al_r1	gtgtacat	gatcgcga	TCACAGACCTGTTATTGC	TTTGTCTGSTTAATTSCG	litiere_18s	MAN-Al	sample	NA
01	08	D	MAN-Bl_r1	tatgtcag	gatcgcga	TCACAGACCTGTTATTGC	TTTGTCTGSTTAATTSCG	litiere_18s	MAN-Bl	sample	NA
01	08	E	MAN-Cl_r1	tagtcgca	gatcgcga	TCACAGACCTGTTATTGC	TTTGTCTGSTTAATTSCG	litiere_18s	MAN-Cl	sample	NA
01	08	F	MAN-Dl_r1	tactatac	gatcgcga	TCACAGACCTGTTATTGC	TTTGTCTGSTTAATTSCG	litiere_18s	MAN-Dl	sample	NA
01	08	G	MAN-El_r1	actagatc	gatcgcga	TCACAGACCTGTTATTGC	TTTGTCTGSTTAATTSCG	litiere_18s	MAN-El	sample	NA
01	08	H	blk-08_r1	gatcgcga	gatcgcga	TCACAGACCTGTTATTGC	TTTGTCTGSTTAATTSCG	litiere_18s	blk-08	control	sequencing
01	09	A	MAN-Fl_r1	acacacac	cgctctcg	TCACAGACCTGTTATTGC	TTTGTCTGSTTAATTSCG	litiere_18s	MAN-Fl	sample	NA
01	09	B	MAN-Gl_r1	acagcaca	cgctctcg	TCACAGACCTGTTATTGC	TTTGTCTGSTTAATTSCG	litiere_18s	MAN-Gl	sample	NA
01	09	C	MAN-Hl_r1	gtgtacat	cgctctcg	TCACAGACCTGTTATTGC	TTTGTCTGSTTAATTSCG	litiere_18s	MAN-Hl	sample	NA
01	09	D	MAN-Il_r1	tatgtcag	cgctctcg	TCACAGACCTGTTATTGC	TTTGTCTGSTTAATTSCG	litiere_18s	MAN-Il	sample	NA
01	09	E	MAN-Jl_r1	tagtcgca	cgctctcg	TCACAGACCTGTTATTGC	TTTGTCTGSTTAATTSCG	litiere_18s	MAN-Jl	sample	NA
01	09	F	MAN-Kl_r1	tactatac	cgctctcg	TCACAGACCTGTTATTGC	TTTGTCTGSTTAATTSCG	litiere_18s	MAN-Kl	sample	NA
01	09	G	blk-09_r1	actagatc	cgctctcg	TCACAGACCTGTTATTGC	TTTGTCTGSTTAATTSCG	litiere_18s	blk-09	control	sequencing
01	09	H	MAN-Ll_r1	gatcgcga	cgctctcg	TCACAGACCTGTTATTGC	TTTGTCTGSTTAATTSCG	litiere_18s	MAN-Ll	sample	NA
01	10	A	MAN-Ml_r1	acacacac	gtcgtaga	TCACAGACCTGTTATTGC	TTTGTCTGSTTAATTSCG	litiere_18s	MAN-Ml	sample	NA
01	10	B	MAN-Nl_r1	acagcaca	gtcgtaga	TCACAGACCTGTTATTGC	TTTGTCTGSTTAATTSCG	litiere_18s	MAN-Nl	sample	NA
01	10	C	MAN-Ol_r1	gtgtacat	gtcgtaga	TCACAGACCTGTTATTGC	TTTGTCTGSTTAATTSCG	litiere_18s	MAN-Ol	sample	NA
01	10	D	MAN-Pl_r1	tatgtcag	gtcgtaga	TCACAGACCTGTTATTGC	TTTGTCTGSTTAATTSCG	litiere_18s	MAN-Pl	sample	NA
01	10	E	MAN-Ql_r1	tagtcgca	gtcgtaga	TCACAGACCTGTTATTGC	TTTGTCTGSTTAATTSCG	litiere_18s	MAN-Ql	control	extraction
01	10	F	blk-10_r1	tactatac	gtcgtaga	TCACAGACCTGTTATTGC	TTTGTCTGSTTAATTSCG	litiere_18s	blk-10	control	sequencing
01	10	G	cp-01_r1	actagatc	gtcgtaga	TCACAGACCTGTTATTGC	TTTGTCTGSTTAATTSCG	litiere_18s	cp-01	control	positive
01	10	H	cp-02_r1	gatcgcga	gtcgtaga	TCACAGACCTGTTATTGC	TTTGTCTGSTTAATTSCG	litiere_18s	cp-02	control	positive
01	11	A	cp-03_r1	acacacac	gtcacgtc	TCACAGACCTGTTATTGC	TTTGTCTGSTTAATTSCG	litiere_18s	cp-03	control	positive
01	11	B	cp-04_r1	acagcaca	gtcacgtc	TCACAGACCTGTTATTGC	TTTGTCTGSTTAATTSCG	litiere_18s	cp-04	control	positive
01	11	C	cp-05_r1	gtgtacat	gtcacgtc	TCACAGACCTGTTATTGC	TTTGTCTGSTTAATTSCG	litiere_18s	cp-05	control	positive
01	11	D	cp-06_r1	tatgtcag	gtcacgtc	TCACAGACCTGTTATTGC	TTTGTCTGSTTAATTSCG	litiere_18s	cp-06	control	positive
01	11	E	blk-11_r1	tagtcgca	gtcacgtc	TCACAGACCTGTTATTGC	TTTGTCTGSTTAATTSCG	litiere_18s	blk-11	control	sequencing
01	11	F	cp-07_r1	tactatac	gtcacgtc	TCACAGACCTGTTATTGC	TTTGTCTGSTTAATTSCG	litiere_18s	cp-07	control	positive
01	11	G	cp-08_r1	actagatc	gtcacgtc	TCACAGACCTGTTATTGC	TTTGTCTGSTTAATTSCG	litiere_18s	cp-08	control	positive
01	11	H	cn-01_r1	gatcgcga	gtcacgtc	TCACAGACCTGTTATTGC	TTTGTCTGSTTAATTSCG	litiere_18s	cn-01	control	PCR
01	12	A	cn-02_r1	acacacac	gactgatg	TCACAGACCTGTTATTGC	TTTGTCTGSTTAATTSCG	litiere_18s	cn-02	control	PCR
01	12	B	cn-03_r1	acagcaca	gactgatg	TCACAGACCTGTTATTGC	TTTGTCTGSTTAATTSCG	litiere_18s	cn-03	control	PCR
01	12	C	cn-04_r1	gtgtacat	gactgatg	TCACAGACCTGTTATTGC	TTTGTCTGSTTAATTSCG	litiere_18s	cn-04	control	PCR
01	12	D	blk-12_r1	tatgtcag	gactgatg	TCACAGACCTGTTATTGC	TTTGTCTGSTTAATTSCG	litiere_18s	blk-12	control	sequencing
01	12	E	cn-05_r1	tagtcgca	gactgatg	TCACAGACCTGTTATTGC	TTTGTCTGSTTAATTSCG	litiere_18s	cn-05	control	PCR
01	12	F	cn-06_r1	tactatac	gactgatg	TCACAGACCTGTTATTGC	TTTGTCTGSTTAATTSCG	litiere_18s	cn-06	control	PCR
01	12	G	cn-07_r1	actagatc	gactgatg	TCACAGACCTGTTATTGC	TTTGTCTGSTTAATTSCG	litiere_18s	cn-07	control	PCR
01	12	H	cn-08_r1	gatcgcga	gactgatg	TCACAGACCTGTTATTGC	TTTGTCTGSTTAATTSCG	litiere_18s	cn-08	control	PCR
06	01	A	blk-01_r2	cgctctcg	agactatg	TCACAGACCTGTTATTGC	TTTGTCTGSTTAATTSCG	litiere_18s	blk-01	control	sequencing
06	01	B	H20-As_r2	gtcgtaga	agactatg	TCACAGACCTGTTATTGC	TTTGTCTGSTTAATTSCG	litiere_18s	H20-As	sample	NA
06	01	C	H20-Bs_r2	gtcacgtc	agactatg	TCACAGACCTGTTATTGC	TTTGTCTGSTTAATTSCG	litiere_18s	H20-Bs	sample	NA
06	01	D	H20-Cs_r2	gactgatg	agactatg	TCACAGACCTGTTATTGC	TTTGTCTGSTTAATTSCG	litiere_18s	H20-Cs	sample	NA
06	01	E	H20-Ds_r2	agactatg	agactatg	TCACAGACCTGTTATTGC	TTTGTCTGSTTAATTSCG	litiere_18s	H20-Ds	sample	NA
06	01	F	H20-Es_r2	gcgtcagc	agactatg	TCACAGACCTGTTATTGC	TTTGTCTGSTTAATTSCG	litiere_18s	H20-Es	sample	NA
06	01	G	H20-Fs_r2	tgacatca	agactatg	TCACAGACCTGTTATTGC	TTTGTCTGSTTAATTSCG	litiere_18s	H20-Fs	sample	NA
06	01	H	H20-Gs_r2	acatgtgt	agactatg	TCACAGACCTGTTATTGC	TTTGTCTGSTTAATTSCG	litiere_18s	H20-Gs	sample	NA
06	02	A	H20-Hs_r2	cgctctcg	gcgtcagc	TCACAGACCTGTTATTGC	TTTGTCTGSTTAATTSCG	litiere_18s	H20-Hs	sample	NA
06	02	B	blk-02_r2	gtcgtaga	gcgtcagc	TCACAGACCTGTTATTGC	TTTGTCTGSTTAATTSCG	litiere_18s	blk-02	control	sequencing
06	02	C	H20-Is_r2	gtcacgtc	gcgtcagc	TCACAGACCTGTTATTGC	TTTGTCTGSTTAATTSCG	litiere_18s	H20-Is	sample	NA
06	02	D	H20-Js_r2	gactgatg	gcgtcagc	TCACAGACCTGTTATTGC	TTTGTCTGSTTAATTSCG	litiere_18s	H20-Js	sample	NA
06	02	E	H20-Ks_r2	agactatg	gcgtcagc	TCACAGACCTGTTATTGC	TTTGTCTGSTTAATTSCG	litiere_18s	H20-Ks	sample	NA
06	02	F	H20-Ls_r2	gcgtcagc	gcgtcagc	TCACAGACCTGTTATTGC	TTTGTCTGSTTAATTSCG	litiere_18s	H20-Ls	sample	NA
06	02	G	H20-Ms_r2	tgacatca	gcgtcagc	TCACAGACCTGTTATTGC	TTTGTCTGSTTAATTSCG	litiere_18s	H20-Ms	sample	NA
06	02	H	H20-Ns_r2	acatgtgt	gcgtcagc	TCACAGACCTGTTATTGC	TTTGTCTGSTTAATTSCG	litiere_18s	H20-Ns	sample	NA
06	03	A	H20-Os_r2	cgctctcg	tgacatca	TCACAGACCTGTTATTGC	TTTGTCTGSTTAATTSCG	litiere_18s	H20-Os	sample	NA
06	03	B	H20-Ps_r2	gtcgtaga	tgacatca	TCACAGACCTGTTATTGC	TTTGTCTGSTTAATTSCG	litiere_18s	H20-Ps	sample	NA
06	03	C	blk-03_r2	gtcacgtc	tgacatca	TCACAGACCTGTTATTGC	TTTGTCTGSTTAATTSCG	litiere_18s	blk-03	control	sequencing
06	03	D	H20-Qs_r2	gactgatg	tgacatca	TCACAGACCTGTTATTGC	TTTGTCTGSTTAATTSCG	litiere_18s	H20-Qs	control	extraction
06	03	E	H20-Al_r2	agactatg	tgacatca	TCACAGACCTGTTATTGC	TTTGTCTGSTTAATTSCG	litiere_18s	H20-Al	sample	NA
06	03	F	H20-Bl_r2	gcgtcagc	tgacatca	TCACAGACCTGTTATTGC	TTTGTCTGSTTAATTSCG	litiere_18s	H20-Bl	sample	NA
06	03	G	H20-Cl_r2	tgacatca	tgacatca	TCACAGACCTGTTATTGC	TTTGTCTGSTTAATTSCG	litiere_18s	H20-Cl	sample	NA
06	03	H	H20-Dl_r2	acatgtgt	tgacatca	TCACAGACCTGTTATTGC	TTTGTCTGSTTAATTSCG	litiere_18s	H20-Dl	sample	NA
06	04	A	H20-El_r2	cgctctcg	acatgtgt	TCACAGACCTGTTATTGC	TTTGTCTGSTTAATTSCG	litiere_18s	H20-El	sample	NA
06	04	B	H20-Fl_r2	gtcgtaga	acatgtgt	TCACAGACCTGTTATTGC	TTTGTCTGSTTAATTSCG	litiere_18s	H20-Fl	sample	NA
06	04	C	H20-Gl_r2	gtcacgtc	acatgtgt	TCACAGACCTGTTATTGC	TTTGTCTGSTTAATTSCG	litiere_18s	H20-Gl	sample	NA
06	04	D	blk-04_r2	gactgatg	acatgtgt	TCACAGACCTGTTATTGC	TTTGTCTGSTTAATTSCG	litiere_18s	blk-04	control	sequencing
06	04	E	H20-Hl_r2	agactatg	acatgtgt	TCACAGACCTGTTATTGC	TTTGTCTGSTTAATTSCG	litiere_18s	H20-Hl	sample	NA
06	04	F	H20-Il_r2	gcgtcagc	acatgtgt	TCACAGACCTGTTATTGC	TTTGTCTGSTTAATTSCG	litiere_18s	H20-Il	sample	NA
06	04	G	H20-Jl_r2	tgacatca	acatgtgt	TCACAGACCTGTTATTGC	TTTGTCTGSTTAATTSCG	litiere_18s	H20-Jl	sample	NA
06	04	H	H20-Kl_r2	acatgtgt	acatgtgt	TCACAGACCTGTTATTGC	TTTGTCTGSTTAATTSCG	litiere_18s	H20-Kl	sample	NA
06	05	A	H20-Ll_r2	cgctctcg	gtacgact	TCACAGACCTGTTATTGC	TTTGTCTGSTTAATTSCG	litiere_18s	H20-Ll	sample	NA
06	05	B	H20-Ml_r2	gtcgtaga	gtacgact	TCACAGACCTGTTATTGC	TTTGTCTGSTTAATTSCG	litiere_18s	H20-Ml	sample	NA
06	05	C	H20-Nl_r2	gtcacgtc	gtacgact	TCACAGACCTGTTATTGC	TTTGTCTGSTTAATTSCG	litiere_18s	H20-Nl	sample	NA
06	05	D	H20-Ol_r2	gactgatg	gtacgact	TCACAGACCTGTTATTGC	TTTGTCTGSTTAATTSCG	litiere_18s	H20-Ol	sample	NA
06	05	E	blk-05_r2	agactatg	gtacgact	TCACAGACCTGTTATTGC	TTTGTCTGSTTAATTSCG	litiere_18s	blk-05	control	sequencing
06	05	F	H20-Pl_r2	gcgtcagc	gtacgact	TCACAGACCTGTTATTGC	TTTGTCTGSTTAATTSCG	litiere_18s	H20-Pl	sample	NA
06	05	G	H20-Ql_r2	tgacatca	gtacgact	TCACAGACCTGTTATTGC	TTTGTCTGSTTAATTSCG	litiere_18s	H20-Ql	control	extraction
06	05	H	MAN-As_r2	acatgtgt	gtacgact	TCACAGACCTGTTATTGC	TTTGTCTGSTTAATTSCG	litiere_18s	MAN-As	sample	NA
06	06	A	MAN-Bs_r2	cgctctcg	atgatcgc	TCACAGACCTGTTATTGC	TTTGTCTGSTTAATTSCG	litiere_18s	MAN-Bs	sample	NA
06	06	B	MAN-Cs_r2	gtcgtaga	atgatcgc	TCACAGACCTGTTATTGC	TTTGTCTGSTTAATTSCG	litiere_18s	MAN-Cs	sample	NA
06	06	C	MAN-Ds_r2	gtcacgtc	atgatcgc	TCACAGACCTGTTATTGC	TTTGTCTGSTTAATTSCG	litiere_18s	MAN-Ds	sample	NA
06	06	D	MAN-Es_r2	gactgatg	atgatcgc	TCACAGACCTGTTATTGC	TTTGTCTGSTTAATTSCG	litiere_18s	MAN-Es	sample	NA
06	06	E	MAN-Fs_r2	agactatg	atgatcgc	TCACAGACCTGTTATTGC	TTTGTCTGSTTAATTSCG	litiere_18s	MAN-Fs	sample	NA
06	06	F	blk-06_r2	gcgtcagc	atgatcgc	TCACAGACCTGTTATTGC	TTTGTCTGSTTAATTSCG	litiere_18s	blk-06	control	sequencing
06	06	G	MAN-Gs_r2	tgacatca	atgatcgc	TCACAGACCTGTTATTGC	TTTGTCTGSTTAATTSCG	litiere_18s	MAN-Gs	sample	NA
06	06	H	MAN-Hs_r2	acatgtgt	atgatcgc	TCACAGACCTGTTATTGC	TTTGTCTGSTTAATTSCG	litiere_18s	MAN-Hs	sample	NA
06	07	A	MAN-Is_r2	cgctctcg	acgacgag	TCACAGACCTGTTATTGC	TTTGTCTGSTTAATTSCG	litiere_18s	MAN-Is	sample	NA
06	07	B	MAN-Js_r2	gtcgtaga	acgacgag	TCACAGACCTGTTATTGC	TTTGTCTGSTTAATTSCG	litiere_18s	MAN-Js	sample	NA
06	07	C	MAN-Ks_r2	gtcacgtc	acgacgag	TCACAGACCTGTTATTGC	TTTGTCTGSTTAATTSCG	litiere_18s	MAN-Ks	sample	NA
06	07	D	MAN-Ls_r2	gactgatg	acgacgag	TCACAGACCTGTTATTGC	TTTGTCTGSTTAATTSCG	litiere_18s	MAN-Ls	sample	NA
06	07	E	MAN-Ms_r2	agactatg	acgacgag	TCACAGACCTGTTATTGC	TTTGTCTGSTTAATTSCG	litiere_18s	MAN-Ms	sample	NA
06	07	F	MAN-Ns_r2	gcgtcagc	acgacgag	TCACAGACCTGTTATTGC	TTTGTCTGSTTAATTSCG	litiere_18s	MAN-Ns	sample	NA
06	07	G	blk-07_r2	tgacatca	acgacgag	TCACAGACCTGTTATTGC	TTTGTCTGSTTAATTSCG	litiere_18s	blk-07	control	sequencing
06	07	H	MAN-Os_r2	acatgtgt	acgacgag	TCACAGACCTGTTATTGC	TTTGTCTGSTTAATTSCG	litiere_18s	MAN-Os	sample	NA
06	08	A	MAN-Ps_r2	cgctctcg	catcagtc	TCACAGACCTGTTATTGC	TTTGTCTGSTTAATTSCG	litiere_18s	MAN-Ps	sample	NA
06	08	B	MAN-Qs_r2	gtcgtaga	catcagtc	TCACAGACCTGTTATTGC	TTTGTCTGSTTAATTSCG	litiere_18s	MAN-Qs	control	extraction
06	08	C	MAN-Al_r2	gtcacgtc	catcagtc	TCACAGACCTGTTATTGC	TTTGTCTGSTTAATTSCG	litiere_18s	MAN-Al	sample	NA
06	08	D	MAN-Bl_r2	gactgatg	catcagtc	TCACAGACCTGTTATTGC	TTTGTCTGSTTAATTSCG	litiere_18s	MAN-Bl	sample	NA
06	08	E	MAN-Cl_r2	agactatg	catcagtc	TCACAGACCTGTTATTGC	TTTGTCTGSTTAATTSCG	litiere_18s	MAN-Cl	sample	NA
06	08	F	MAN-Dl_r2	gcgtcagc	catcagtc	TCACAGACCTGTTATTGC	TTTGTCTGSTTAATTSCG	litiere_18s	MAN-Dl	sample	NA
06	08	G	MAN-El_r2	tgacatca	catcagtc	TCACAGACCTGTTATTGC	TTTGTCTGSTTAATTSCG	litiere_18s	MAN-El	sample	NA
06	08	H	blk-08_r2	acatgtgt	catcagtc	TCACAGACCTGTTATTGC	TTTGTCTGSTTAATTSCG	litiere_18s	blk-08	control	sequencing
06	09	A	MAN-Fl_r2	cgctctcg	atcagtca	TCACAGACCTGTTATTGC	TTTGTCTGSTTAATTSCG	litiere_18s	MAN-Fl	sample	NA
06	09	B	MAN-Gl_r2	gtcgtaga	atcagtca	TCACAGACCTGTTATTGC	TTTGTCTGSTTAATTSCG	litiere_18s	MAN-Gl	sample	NA
06	09	C	MAN-Hl_r2	gtcacgtc	atcagtca	TCACAGACCTGTTATTGC	TTTGTCTGSTTAATTSCG	litiere_18s	MAN-Hl	sample	NA
06	09	D	MAN-Il_r2	gactgatg	atcagtca	TCACAGACCTGTTATTGC	TTTGTCTGSTTAATTSCG	litiere_18s	MAN-Il	sample	NA
06	09	E	MAN-Jl_r2	agactatg	atcagtca	TCACAGACCTGTTATTGC	TTTGTCTGSTTAATTSCG	litiere_18s	MAN-Jl	sample	NA
06	09	F	MAN-Kl_r2	gcgtcagc	atcagtca	TCACAGACCTGTTATTGC	TTTGTCTGSTTAATTSCG	litiere_18s	MAN-Kl	sample	NA
06	09	G	blk-09_r2	tgacatca	atcagtca	TCACAGACCTGTTATTGC	TTTGTCTGSTTAATTSCG	litiere_18s	blk-09	control	sequencing
06	09	H	MAN-Ll_r2	acatgtgt	atcagtca	TCACAGACCTGTTATTGC	TTTGTCTGSTTAATTSCG	litiere_18s	MAN-Ll	sample	NA
06	10	A	MAN-Ml_r2	cgctctcg	tctactga	TCACAGACCTGTTATTGC	TTTGTCTGSTTAATTSCG	litiere_18s	MAN-Ml	sample	NA
06	10	B	MAN-Nl_r2	gtcgtaga	tctactga	TCACAGACCTGTTATTGC	TTTGTCTGSTTAATTSCG	litiere_18s	MAN-Nl	sample	NA
06	10	C	MAN-Ol_r2	gtcacgtc	tctactga	TCACAGACCTGTTATTGC	TTTGTCTGSTTAATTSCG	litiere_18s	MAN-Ol	sample	NA
06	10	D	MAN-Pl_r2	gactgatg	tctactga	TCACAGACCTGTTATTGC	TTTGTCTGSTTAATTSCG	litiere_18s	MAN-Pl	sample	NA
06	10	E	MAN-Ql_r2	agactatg	tctactga	TCACAGACCTGTTATTGC	TTTGTCTGSTTAATTSCG	litiere_18s	MAN-Ql	control	extraction
06	10	F	blk-10_r2	gcgtcagc	tctactga	TCACAGACCTGTTATTGC	TTTGTCTGSTTAATTSCG	litiere_18s	blk-10	control	sequencing
06	10	G	cp-01_r2	tgacatca	tctactga	TCACAGACCTGTTATTGC	TTTGTCTGSTTAATTSCG	litiere_18s	cp-01	control	positive
06	10	H	cp-02_r2	acatgtgt	tctactga	TCACAGACCTGTTATTGC	TTTGTCTGSTTAATTSCG	litiere_18s	cp-02	control	positive
06	11	A	cp-03_r2	cgctctcg	gatgatct	TCACAGACCTGTTATTGC	TTTGTCTGSTTAATTSCG	litiere_18s	cp-03	control	positive
06	11	B	cp-04_r2	gtcgtaga	gatgatct	TCACAGACCTGTTATTGC	TTTGTCTGSTTAATTSCG	litiere_18s	cp-04	control	positive
06	11	C	cp-05_r2	gtcacgtc	gatgatct	TCACAGACCTGTTATTGC	TTTGTCTGSTTAATTSCG	litiere_18s	cp-05	control	positive
06	11	D	cp-06_r2	gactgatg	gatgatct	TCACAGACCTGTTATTGC	TTTGTCTGSTTAATTSCG	litiere_18s	cp-06	control	positive
06	11	E	blk-11_r2	agactatg	gatgatct	TCACAGACCTGTTATTGC	TTTGTCTGSTTAATTSCG	litiere_18s	blk-11	control	sequencing
06	11	F	cp-07_r2	gcgtcagc	gatgatct	TCACAGACCTGTTATTGC	TTTGTCTGSTTAATTSCG	litiere_18s	cp-07	control	positive
06	11	G	cp-08_r2	tgacatca	gatgatct	TCACAGACCTGTTATTGC	TTTGTCTGSTTAATTSCG	litiere_18s	cp-08	control	positive
06	11	H	cn-01_r2	acatgtgt	gatgatct	TCACAGACCTGTTATTGC	TTTGTCTGSTTAATTSCG	litiere_18s	cn-01	control	PCR
06	12	A	cn-02_r2	cgctctcg	ctgcgtac	TCACAGACCTGTTATTGC	TTTGTCTGSTTAATTSCG	litiere_18s	cn-02	control	PCR
06	12	B	cn-03_r2	gtcgtaga	ctgcgtac	TCACAGACCTGTTATTGC	TTTGTCTGSTTAATTSCG	litiere_18s	cn-03	control	PCR
06	12	C	cn-04_r2	gtcacgtc	ctgcgtac	TCACAGACCTGTTATTGC	TTTGTCTGSTTAATTSCG	litiere_18s	cn-04	control	PCR
06	12	D	blk-12_r2	gactgatg	ctgcgtac	TCACAGACCTGTTATTGC	TTTGTCTGSTTAATTSCG	litiere_18s	blk-12	control	sequencing
06	12	E	cn-05_r2	agactatg	ctgcgtac	TCACAGACCTGTTATTGC	TTTGTCTGSTTAATTSCG	litiere_18s	cn-05	control	PCR
06	12	F	cn-06_r2	gcgtcagc	ctgcgtac	TCACAGACCTGTTATTGC	TTTGTCTGSTTAATTSCG	litiere_18s	cn-06	control	PCR
06	12	G	cn-07_r2	tgacatca	ctgcgtac	TCACAGACCTGTTATTGC	TTTGTCTGSTTAATTSCG	litiere_18s	cn-07	control	PCR
06	12	H	cn-08_r2	acatgtgt	ctgcgtac	TCACAGACCTGTTATTGC	TTTGTCTGSTTAATTSCG	litiere_18s	cn-08	control	PCR
08	01	A	blk-01_r3	agcgacta	agactatg	TCACAGACCTGTTATTGC	TTTGTCTGSTTAATTSCG	litiere_18s	blk-01	control	sequencing
08	01	B	H20-As_r3	tcagtgtc	agactatg	TCACAGACCTGTTATTGC	TTTGTCTGSTTAATTSCG	litiere_18s	H20-As	sample	NA
08	01	C	H20-Bs_r3	actctgct	agactatg	TCACAGACCTGTTATTGC	TTTGTCTGSTTAATTSCG	litiere_18s	H20-Bs	sample	NA
08	01	D	H20-Cs_r3	atatagcg	agactatg	TCACAGACCTGTTATTGC	TTTGTCTGSTTAATTSCG	litiere_18s	H20-Cs	sample	NA
08	01	E	H20-Ds_r3	ctatgcta	agactatg	TCACAGACCTGTTATTGC	TTTGTCTGSTTAATTSCG	litiere_18s	H20-Ds	sample	NA
08	01	F	H20-Es_r3	tcgcgctg	agactatg	TCACAGACCTGTTATTGC	TTTGTCTGSTTAATTSCG	litiere_18s	H20-Es	sample	NA
08	01	G	H20-Fs_r3	agcacagt	agactatg	TCACAGACCTGTTATTGC	TTTGTCTGSTTAATTSCG	litiere_18s	H20-Fs	sample	NA
08	01	H	H20-Gs_r3	tagctagt	agactatg	TCACAGACCTGTTATTGC	TTTGTCTGSTTAATTSCG	litiere_18s	H20-Gs	sample	NA
08	02	A	H20-Hs_r3	agcgacta	gcgtcagc	TCACAGACCTGTTATTGC	TTTGTCTGSTTAATTSCG	litiere_18s	H20-Hs	sample	NA
08	02	B	blk-02_r3	tcagtgtc	gcgtcagc	TCACAGACCTGTTATTGC	TTTGTCTGSTTAATTSCG	litiere_18s	blk-02	control	sequencing
08	02	C	H20-Is_r3	actctgct	gcgtcagc	TCACAGACCTGTTATTGC	TTTGTCTGSTTAATTSCG	litiere_18s	H20-Is	sample	NA
08	02	D	H20-Js_r3	atatagcg	gcgtcagc	TCACAGACCTGTTATTGC	TTTGTCTGSTTAATTSCG	litiere_18s	H20-Js	sample	NA
08	02	E	H20-Ks_r3	ctatgcta	gcgtcagc	TCACAGACCTGTTATTGC	TTTGTCTGSTTAATTSCG	litiere_18s	H20-Ks	sample	NA
08	02	F	H20-Ls_r3	tcgcgctg	gcgtcagc	TCACAGACCTGTTATTGC	TTTGTCTGSTTAATTSCG	litiere_18s	H20-Ls	sample	NA
08	02	G	H20-Ms_r3	agcacagt	gcgtcagc	TCACAGACCTGTTATTGC	TTTGTCTGSTTAATTSCG	litiere_18s	H20-Ms	sample	NA
08	02	H	H20-Ns_r3	tagctagt	gcgtcagc	TCACAGACCTGTTATTGC	TTTGTCTGSTTAATTSCG	litiere_18s	H20-Ns	sample	NA
08	03	A	H20-Os_r3	agcgacta	tgacatca	TCACAGACCTGTTATTGC	TTTGTCTGSTTAATTSCG	litiere_18s	H20-Os	sample	NA
08	03	B	H20-Ps_r3	tcagtgtc	tgacatca	TCACAGACCTGTTATTGC	TTTGTCTGSTTAATTSCG	litiere_18s	H20-Ps	sample	NA
08	03	C	blk-03_r3	actctgct	tgacatca	TCACAGACCTGTTATTGC	TTTGTCTGSTTAATTSCG	litiere_18s	blk-03	control	sequencing
08	03	D	H20-Qs_r3	atatagcg	tgacatca	TCACAGACCTGTTATTGC	TTTGTCTGSTTAATTSCG	litiere_18s	H20-Qs	control	extraction
08	03	E	H20-Al_r3	ctatgcta	tgacatca	TCACAGACCTGTTATTGC	TTTGTCTGSTTAATTSCG	litiere_18s	H20-Al	sample	NA
08	03	F	H20-Bl_r3	tcgcgctg	tgacatca	TCACAGACCTGTTATTGC	TTTGTCTGSTTAATTSCG	litiere_18s	H20-Bl	sample	NA
08	03	G	H20-Cl_r3	agcacagt	tgacatca	TCACAGACCTGTTATTGC	TTTGTCTGSTTAATTSCG	litiere_18s	H20-Cl	sample	NA
08	03	H	H20-Dl_r3	tagctagt	tgacatca	TCACAGACCTGTTATTGC	TTTGTCTGSTTAATTSCG	litiere_18s	H20-Dl	sample	NA
08	04	A	H20-El_r3	agcgacta	acatgtgt	TCACAGACCTGTTATTGC	TTTGTCTGSTTAATTSCG	litiere_18s	H20-El	sample	NA
08	04	B	H20-Fl_r3	tcagtgtc	acatgtgt	TCACAGACCTGTTATTGC	TTTGTCTGSTTAATTSCG	litiere_18s	H20-Fl	sample	NA
08	04	C	H20-Gl_r3	actctgct	acatgtgt	TCACAGACCTGTTATTGC	TTTGTCTGSTTAATTSCG	litiere_18s	H20-Gl	sample	NA
08	04	D	blk-04_r3	atatagcg	acatgtgt	TCACAGACCTGTTATTGC	TTTGTCTGSTTAATTSCG	litiere_18s	blk-04	control	sequencing
08	04	E	H20-Hl_r3	ctatgcta	acatgtgt	TCACAGACCTGTTATTGC	TTTGTCTGSTTAATTSCG	litiere_18s	H20-Hl	sample	NA
08	04	F	H20-Il_r3	tcgcgctg	acatgtgt	TCACAGACCTGTTATTGC	TTTGTCTGSTTAATTSCG	litiere_18s	H20-Il	sample	NA
08	04	G	H20-Jl_r3	agcacagt	acatgtgt	TCACAGACCTGTTATTGC	TTTGTCTGSTTAATTSCG	litiere_18s	H20-Jl	sample	NA
08	04	H	H20-Kl_r3	tagctagt	acatgtgt	TCACAGACCTGTTATTGC	TTTGTCTGSTTAATTSCG	litiere_18s	H20-Kl	sample	NA
08	05	A	H20-Ll_r3	agcgacta	gtacgact	TCACAGACCTGTTATTGC	TTTGTCTGSTTAATTSCG	litiere_18s	H20-Ll	sample	NA
08	05	B	H20-Ml_r3	tcagtgtc	gtacgact	TCACAGACCTGTTATTGC	TTTGTCTGSTTAATTSCG	litiere_18s	H20-Ml	sample	NA
08	05	C	H20-Nl_r3	actctgct	gtacgact	TCACAGACCTGTTATTGC	TTTGTCTGSTTAATTSCG	litiere_18s	H20-Nl	sample	NA
08	05	D	H20-Ol_r3	atatagcg	gtacgact	TCACAGACCTGTTATTGC	TTTGTCTGSTTAATTSCG	litiere_18s	H20-Ol	sample	NA
08	05	E	blk-05_r3	ctatgcta	gtacgact	TCACAGACCTGTTATTGC	TTTGTCTGSTTAATTSCG	litiere_18s	blk-05	control	sequencing
08	05	F	H20-Pl_r3	tcgcgctg	gtacgact	TCACAGACCTGTTATTGC	TTTGTCTGSTTAATTSCG	litiere_18s	H20-Pl	sample	NA
08	05	G	H20-Ql_r3	agcacagt	gtacgact	TCACAGACCTGTTATTGC	TTTGTCTGSTTAATTSCG	litiere_18s	H20-Ql	control	extraction
08	05	H	MAN-As_r3	tagctagt	gtacgact	TCACAGACCTGTTATTGC	TTTGTCTGSTTAATTSCG	litiere_18s	MAN-As	sample	NA
08	06	A	MAN-Bs_r3	agcgacta	atgatcgc	TCACAGACCTGTTATTGC	TTTGTCTGSTTAATTSCG	litiere_18s	MAN-Bs	sample	NA
08	06	B	MAN-Cs_r3	tcagtgtc	atgatcgc	TCACAGACCTGTTATTGC	TTTGTCTGSTTAATTSCG	litiere_18s	MAN-Cs	sample	NA
08	06	C	MAN-Ds_r3	actctgct	atgatcgc	TCACAGACCTGTTATTGC	TTTGTCTGSTTAATTSCG	litiere_18s	MAN-Ds	sample	NA
08	06	D	MAN-Es_r3	atatagcg	atgatcgc	TCACAGACCTGTTATTGC	TTTGTCTGSTTAATTSCG	litiere_18s	MAN-Es	sample	NA
08	06	E	MAN-Fs_r3	ctatgcta	atgatcgc	TCACAGACCTGTTATTGC	TTTGTCTGSTTAATTSCG	litiere_18s	MAN-Fs	sample	NA
08	06	F	blk-06_r3	tcgcgctg	atgatcgc	TCACAGACCTGTTATTGC	TTTGTCTGSTTAATTSCG	litiere_18s	blk-06	control	sequencing
08	06	G	MAN-Gs_r3	agcacagt	atgatcgc	TCACAGACCTGTTATTGC	TTTGTCTGSTTAATTSCG	litiere_18s	MAN-Gs	sample	NA
08	06	H	MAN-Hs_r3	tagctagt	atgatcgc	TCACAGACCTGTTATTGC	TTTGTCTGSTTAATTSCG	litiere_18s	MAN-Hs	sample	NA
08	07	A	MAN-Is_r3	agcgacta	acgacgag	TCACAGACCTGTTATTGC	TTTGTCTGSTTAATTSCG	litiere_18s	MAN-Is	sample	NA
08	07	B	MAN-Js_r3	tcagtgtc	acgacgag	TCACAGACCTGTTATTGC	TTTGTCTGSTTAATTSCG	litiere_18s	MAN-Js	sample	NA
08	07	C	MAN-Ks_r3	actctgct	acgacgag	TCACAGACCTGTTATTGC	TTTGTCTGSTTAATTSCG	litiere_18s	MAN-Ks	sample	NA
08	07	D	MAN-Ls_r3	atatagcg	acgacgag	TCACAGACCTGTTATTGC	TTTGTCTGSTTAATTSCG	litiere_18s	MAN-Ls	sample	NA
08	07	E	MAN-Ms_r3	ctatgcta	acgacgag	TCACAGACCTGTTATTGC	TTTGTCTGSTTAATTSCG	litiere_18s	MAN-Ms	sample	NA
08	07	F	MAN-Ns_r3	tcgcgctg	acgacgag	TCACAGACCTGTTATTGC	TTTGTCTGSTTAATTSCG	litiere_18s	MAN-Ns	sample	NA
08	07	G	blk-07_r3	agcacagt	acgacgag	TCACAGACCTGTTATTGC	TTTGTCTGSTTAATTSCG	litiere_18s	blk-07	control	sequencing
08	07	H	MAN-Os_r3	tagctagt	acgacgag	TCACAGACCTGTTATTGC	TTTGTCTGSTTAATTSCG	litiere_18s	MAN-Os	sample	NA
08	08	A	MAN-Ps_r3	agcgacta	catcagtc	TCACAGACCTGTTATTGC	TTTGTCTGSTTAATTSCG	litiere_18s	MAN-Ps	sample	NA
08	08	B	MAN-Qs_r3	tcagtgtc	catcagtc	TCACAGACCTGTTATTGC	TTTGTCTGSTTAATTSCG	litiere_18s	MAN-Qs	control	extraction
08	08	C	MAN-Al_r3	actctgct	catcagtc	TCACAGACCTGTTATTGC	TTTGTCTGSTTAATTSCG	litiere_18s	MAN-Al	sample	NA
08	08	D	MAN-Bl_r3	atatagcg	catcagtc	TCACAGACCTGTTATTGC	TTTGTCTGSTTAATTSCG	litiere_18s	MAN-Bl	sample	NA
08	08	E	MAN-Cl_r3	ctatgcta	catcagtc	TCACAGACCTGTTATTGC	TTTGTCTGSTTAATTSCG	litiere_18s	MAN-Cl	sample	NA
08	08	F	MAN-Dl_r3	tcgcgctg	catcagtc	TCACAGACCTGTTATTGC	TTTGTCTGSTTAATTSCG	litiere_18s	MAN-Dl	sample	NA
08	08	G	MAN-El_r3	agcacagt	catcagtc	TCACAGACCTGTTATTGC	TTTGTCTGSTTAATTSCG	litiere_18s	MAN-El	sample	NA
08	08	H	blk-08_r3	tagctagt	catcagtc	TCACAGACCTGTTATTGC	TTTGTCTGSTTAATTSCG	litiere_18s	blk-08	control	sequencing
08	09	A	MAN-Fl_r3	agcgacta	atcagtca	TCACAGACCTGTTATTGC	TTTGTCTGSTTAATTSCG	litiere_18s	MAN-Fl	sample	NA
08	09	B	MAN-Gl_r3	tcagtgtc	atcagtca	TCACAGACCTGTTATTGC	TTTGTCTGSTTAATTSCG	litiere_18s	MAN-Gl	sample	NA
08	09	C	MAN-Hl_r3	actctgct	atcagtca	TCACAGACCTGTTATTGC	TTTGTCTGSTTAATTSCG	litiere_18s	MAN-Hl	sample	NA
08	09	D	MAN-Il_r3	atatagcg	atcagtca	TCACAGACCTGTTATTGC	TTTGTCTGSTTAATTSCG	litiere_18s	MAN-Il	sample	NA
08	09	E	MAN-Jl_r3	ctatgcta	atcagtca	TCACAGACCTGTTATTGC	TTTGTCTGSTTAATTSCG	litiere_18s	MAN-Jl	sample	NA
08	09	F	MAN-Kl_r3	tcgcgctg	atcagtca	TCACAGACCTGTTATTGC	TTTGTCTGSTTAATTSCG	litiere_18s	MAN-Kl	sample	NA
08	09	G	blk-09_r3	agcacagt	atcagtca	TCACAGACCTGTTATTGC	TTTGTCTGSTTAATTSCG	litiere_18s	blk-09	control	sequencing
08	09	H	MAN-Ll_r3	tagctagt	atcagtca	TCACAGACCTGTTATTGC	TTTGTCTGSTTAATTSCG	litiere_18s	MAN-Ll	sample	NA
08	10	A	MAN-Ml_r3	agcgacta	tctactga	TCACAGACCTGTTATTGC	TTTGTCTGSTTAATTSCG	litiere_18s	MAN-Ml	sample	NA
08	10	B	MAN-Nl_r3	tcagtgtc	tctactga	TCACAGACCTGTTATTGC	TTTGTCTGSTTAATTSCG	litiere_18s	MAN-Nl	sample	NA
08	10	C	MAN-Ol_r3	actctgct	tctactga	TCACAGACCTGTTATTGC	TTTGTCTGSTTAATTSCG	litiere_18s	MAN-Ol	sample	NA
08	10	D	MAN-Pl_r3	atatagcg	tctactga	TCACAGACCTGTTATTGC	TTTGTCTGSTTAATTSCG	litiere_18s	MAN-Pl	sample	NA
08	10	E	MAN-Ql_r3	ctatgcta	tctactga	TCACAGACCTGTTATTGC	TTTGTCTGSTTAATTSCG	litiere_18s	MAN-Ql	control	extraction
08	10	F	blk-10_r3	tcgcgctg	tctactga	TCACAGACCTGTTATTGC	TTTGTCTGSTTAATTSCG	litiere_18s	blk-10	control	sequencing
08	10	G	cp-01_r3	agcacagt	tctactga	TCACAGACCTGTTATTGC	TTTGTCTGSTTAATTSCG	litiere_18s	cp-01	control	positive
08	10	H	cp-02_r3	tagctagt	tctactga	TCACAGACCTGTTATTGC	TTTGTCTGSTTAATTSCG	litiere_18s	cp-02	control	positive
08	11	A	cp-03_r3	agcgacta	gatgatct	TCACAGACCTGTTATTGC	TTTGTCTGSTTAATTSCG	litiere_18s	cp-03	control	positive
08	11	B	cp-04_r3	tcagtgtc	gatgatct	TCACAGACCTGTTATTGC	TTTGTCTGSTTAATTSCG	litiere_18s	cp-04	control	positive
08	11	C	cp-05_r3	actctgct	gatgatct	TCACAGACCTGTTATTGC	TTTGTCTGSTTAATTSCG	litiere_18s	cp-05	control	positive
08	11	D	cp-06_r3	atatagcg	gatgatct	TCACAGACCTGTTATTGC	TTTGTCTGSTTAATTSCG	litiere_18s	cp-06	control	positive
08	11	E	blk-11_r3	ctatgcta	gatgatct	TCACAGACCTGTTATTGC	TTTGTCTGSTTAATTSCG	litiere_18s	blk-11	control	sequencing
08	11	F	cp-07_r3	tcgcgctg	gatgatct	TCACAGACCTGTTATTGC	TTTGTCTGSTTAATTSCG	litiere_18s	cp-07	control	positive
08	11	G	cp-08_r3	agcacagt	gatgatct	TCACAGACCTGTTATTGC	TTTGTCTGSTTAATTSCG	litiere_18s	cp-08	control	positive
08	11	H	cn-01_r3	tagctagt	gatgatct	TCACAGACCTGTTATTGC	TTTGTCTGSTTAATTSCG	litiere_18s	cn-01	control	PCR
08	12	A	cn-02_r3	agcgacta	ctgcgtac	TCACAGACCTGTTATTGC	TTTGTCTGSTTAATTSCG	litiere_18s	cn-02	control	PCR
08	12	B	cn-03_r3	tcagtgtc	ctgcgtac	TCACAGACCTGTTATTGC	TTTGTCTGSTTAATTSCG	litiere_18s	cn-03	control	PCR
08	12	C	cn-04_r3	actctgct	ctgcgtac	TCACAGACCTGTTATTGC	TTTGTCTGSTTAATTSCG	litiere_18s	cn-04	control	PCR
08	12	D	blk-12_r3	atatagcg	ctgcgtac	TCACAGACCTGTTATTGC	TTTGTCTGSTTAATTSCG	litiere_18s	blk-12	control	sequencing
08	12	E	cn-05_r3	ctatgcta	ctgcgtac	TCACAGACCTGTTATTGC	TTTGTCTGSTTAATTSCG	litiere_18s	cn-05	control	PCR
08	12	F	cn-06_r3	tcgcgctg	ctgcgtac	TCACAGACCTGTTATTGC	TTTGTCTGSTTAATTSCG	litiere_18s	cn-06	control	PCR
08	12	G	cn-07_r3	agcacagt	ctgcgtac	TCACAGACCTGTTATTGC	TTTGTCTGSTTAATTSCG	litiere_18s	cn-07	control	PCR
08	12	H	cn-08_r3	tagctagt	ctgcgtac	TCACAGACCTGTTATTGC	TTTGTCTGSTTAATTSCG	litiere_18s	cn-08	control	PCR
11	01	A	blk-01_r4	gtacgact	agcgacta	TCACAGACCTGTTATTGC	TTTGTCTGSTTAATTSCG	litiere_18s	blk-01	control	sequencing
11	01	B	H20-As_r4	atgatcgc	agcgacta	TCACAGACCTGTTATTGC	TTTGTCTGSTTAATTSCG	litiere_18s	H20-As	sample	NA
11	01	C	H20-Bs_r4	acgacgag	agcgacta	TCACAGACCTGTTATTGC	TTTGTCTGSTTAATTSCG	litiere_18s	H20-Bs	sample	NA
11	01	D	H20-Cs_r4	catcagtc	agcgacta	TCACAGACCTGTTATTGC	TTTGTCTGSTTAATTSCG	litiere_18s	H20-Cs	sample	NA
11	01	E	H20-Ds_r4	atcagtca	agcgacta	TCACAGACCTGTTATTGC	TTTGTCTGSTTAATTSCG	litiere_18s	H20-Ds	sample	NA
11	01	F	H20-Es_r4	tctactga	agcgacta	TCACAGACCTGTTATTGC	TTTGTCTGSTTAATTSCG	litiere_18s	H20-Es	sample	NA
11	01	G	H20-Fs_r4	gatgatct	agcgacta	TCACAGACCTGTTATTGC	TTTGTCTGSTTAATTSCG	litiere_18s	H20-Fs	sample	NA
11	01	H	H20-Gs_r4	ctgcgtac	agcgacta	TCACAGACCTGTTATTGC	TTTGTCTGSTTAATTSCG	litiere_18s	H20-Gs	sample	NA
11	02	A	H20-Hs_r4	gtacgact	tcagtgtc	TCACAGACCTGTTATTGC	TTTGTCTGSTTAATTSCG	litiere_18s	H20-Hs	sample	NA
11	02	B	blk-02_r4	atgatcgc	tcagtgtc	TCACAGACCTGTTATTGC	TTTGTCTGSTTAATTSCG	litiere_18s	blk-02	control	sequencing
11	02	C	H20-Is_r4	acgacgag	tcagtgtc	TCACAGACCTGTTATTGC	TTTGTCTGSTTAATTSCG	litiere_18s	H20-Is	sample	NA
11	02	D	H20-Js_r4	catcagtc	tcagtgtc	TCACAGACCTGTTATTGC	TTTGTCTGSTTAATTSCG	litiere_18s	H20-Js	sample	NA
11	02	E	H20-Ks_r4	atcagtca	tcagtgtc	TCACAGACCTGTTATTGC	TTTGTCTGSTTAATTSCG	litiere_18s	H20-Ks	sample	NA
11	02	F	H20-Ls_r4	tctactga	tcagtgtc	TCACAGACCTGTTATTGC	TTTGTCTGSTTAATTSCG	litiere_18s	H20-Ls	sample	NA
11	02	G	H20-Ms_r4	gatgatct	tcagtgtc	TCACAGACCTGTTATTGC	TTTGTCTGSTTAATTSCG	litiere_18s	H20-Ms	sample	NA
11	02	H	H20-Ns_r4	ctgcgtac	tcagtgtc	TCACAGACCTGTTATTGC	TTTGTCTGSTTAATTSCG	litiere_18s	H20-Ns	sample	NA
11	03	A	H20-Os_r4	gtacgact	actctgct	TCACAGACCTGTTATTGC	TTTGTCTGSTTAATTSCG	litiere_18s	H20-Os	sample	NA
11	03	B	H20-Ps_r4	atgatcgc	actctgct	TCACAGACCTGTTATTGC	TTTGTCTGSTTAATTSCG	litiere_18s	H20-Ps	sample	NA
11	03	C	blk-03_r4	acgacgag	actctgct	TCACAGACCTGTTATTGC	TTTGTCTGSTTAATTSCG	litiere_18s	blk-03	control	sequencing
11	03	D	H20-Qs_r4	catcagtc	actctgct	TCACAGACCTGTTATTGC	TTTGTCTGSTTAATTSCG	litiere_18s	H20-Qs	control	extraction
11	03	E	H20-Al_r4	atcagtca	actctgct	TCACAGACCTGTTATTGC	TTTGTCTGSTTAATTSCG	litiere_18s	H20-Al	sample	NA
11	03	F	H20-Bl_r4	tctactga	actctgct	TCACAGACCTGTTATTGC	TTTGTCTGSTTAATTSCG	litiere_18s	H20-Bl	sample	NA
11	03	G	H20-Cl_r4	gatgatct	actctgct	TCACAGACCTGTTATTGC	TTTGTCTGSTTAATTSCG	litiere_18s	H20-Cl	sample	NA
11	03	H	H20-Dl_r4	ctgcgtac	actctgct	TCACAGACCTGTTATTGC	TTTGTCTGSTTAATTSCG	litiere_18s	H20-Dl	sample	NA
11	04	A	H20-El_r4	gtacgact	atatagcg	TCACAGACCTGTTATTGC	TTTGTCTGSTTAATTSCG	litiere_18s	H20-El	sample	NA
11	04	B	H20-Fl_r4	atgatcgc	atatagcg	TCACAGACCTGTTATTGC	TTTGTCTGSTTAATTSCG	litiere_18s	H20-Fl	sample	NA
11	04	C	H20-Gl_r4	acgacgag	atatagcg	TCACAGACCTGTTATTGC	TTTGTCTGSTTAATTSCG	litiere_18s	H20-Gl	sample	NA
11	04	D	blk-04_r4	catcagtc	atatagcg	TCACAGACCTGTTATTGC	TTTGTCTGSTTAATTSCG	litiere_18s	blk-04	control	sequencing
11	04	E	H20-Hl_r4	atcagtca	atatagcg	TCACAGACCTGTTATTGC	TTTGTCTGSTTAATTSCG	litiere_18s	H20-Hl	sample	NA
11	04	F	H20-Il_r4	tctactga	atatagcg	TCACAGACCTGTTATTGC	TTTGTCTGSTTAATTSCG	litiere_18s	H20-Il	sample	NA
11	04	G	H20-Jl_r4	gatgatct	atatagcg	TCACAGACCTGTTATTGC	TTTGTCTGSTTAATTSCG	litiere_18s	H20-Jl	sample	NA
11	04	H	H20-Kl_r4	ctgcgtac	atatagcg	TCACAGACCTGTTATTGC	TTTGTCTGSTTAATTSCG	litiere_18s	H20-Kl	sample	NA
11	05	A	H20-Ll_r4	gtacgact	ctatgcta	TCACAGACCTGTTATTGC	TTTGTCTGSTTAATTSCG	litiere_18s	H20-Ll	sample	NA
11	05	B	H20-Ml_r4	atgatcgc	ctatgcta	TCACAGACCTGTTATTGC	TTTGTCTGSTTAATTSCG	litiere_18s	H20-Ml	sample	NA
11	05	C	H20-Nl_r4	acgacgag	ctatgcta	TCACAGACCTGTTATTGC	TTTGTCTGSTTAATTSCG	litiere_18s	H20-Nl	sample	NA
11	05	D	H20-Ol_r4	catcagtc	ctatgcta	TCACAGACCTGTTATTGC	TTTGTCTGSTTAATTSCG	litiere_18s	H20-Ol	sample	NA
11	05	E	blk-05_r4	atcagtca	ctatgcta	TCACAGACCTGTTATTGC	TTTGTCTGSTTAATTSCG	litiere_18s	blk-05	control	sequencing
11	05	F	H20-Pl_r4	tctactga	ctatgcta	TCACAGACCTGTTATTGC	TTTGTCTGSTTAATTSCG	litiere_18s	H20-Pl	sample	NA
11	05	G	H20-Ql_r4	gatgatct	ctatgcta	TCACAGACCTGTTATTGC	TTTGTCTGSTTAATTSCG	litiere_18s	H20-Ql	control	extraction
11	05	H	MAN-As_r4	ctgcgtac	ctatgcta	TCACAGACCTGTTATTGC	TTTGTCTGSTTAATTSCG	litiere_18s	MAN-As	sample	NA
11	06	A	MAN-Bs_r4	gtacgact	tcgcgctg	TCACAGACCTGTTATTGC	TTTGTCTGSTTAATTSCG	litiere_18s	MAN-Bs	sample	NA
11	06	B	MAN-Cs_r4	atgatcgc	tcgcgctg	TCACAGACCTGTTATTGC	TTTGTCTGSTTAATTSCG	litiere_18s	MAN-Cs	sample	NA
11	06	C	MAN-Ds_r4	acgacgag	tcgcgctg	TCACAGACCTGTTATTGC	TTTGTCTGSTTAATTSCG	litiere_18s	MAN-Ds	sample	NA
11	06	D	MAN-Es_r4	catcagtc	tcgcgctg	TCACAGACCTGTTATTGC	TTTGTCTGSTTAATTSCG	litiere_18s	MAN-Es	sample	NA
11	06	E	MAN-Fs_r4	atcagtca	tcgcgctg	TCACAGACCTGTTATTGC	TTTGTCTGSTTAATTSCG	litiere_18s	MAN-Fs	sample	NA
11	06	F	blk-06_r4	tctactga	tcgcgctg	TCACAGACCTGTTATTGC	TTTGTCTGSTTAATTSCG	litiere_18s	blk-06	control	sequencing
11	06	G	MAN-Gs_r4	gatgatct	tcgcgctg	TCACAGACCTGTTATTGC	TTTGTCTGSTTAATTSCG	litiere_18s	MAN-Gs	sample	NA
11	06	H	MAN-Hs_r4	ctgcgtac	tcgcgctg	TCACAGACCTGTTATTGC	TTTGTCTGSTTAATTSCG	litiere_18s	MAN-Hs	sample	NA
11	07	A	MAN-Is_r4	gtacgact	agcacagt	TCACAGACCTGTTATTGC	TTTGTCTGSTTAATTSCG	litiere_18s	MAN-Is	sample	NA
11	07	B	MAN-Js_r4	atgatcgc	agcacagt	TCACAGACCTGTTATTGC	TTTGTCTGSTTAATTSCG	litiere_18s	MAN-Js	sample	NA
11	07	C	MAN-Ks_r4	acgacgag	agcacagt	TCACAGACCTGTTATTGC	TTTGTCTGSTTAATTSCG	litiere_18s	MAN-Ks	sample	NA
11	07	D	MAN-Ls_r4	catcagtc	agcacagt	TCACAGACCTGTTATTGC	TTTGTCTGSTTAATTSCG	litiere_18s	MAN-Ls	sample	NA
11	07	E	MAN-Ms_r4	atcagtca	agcacagt	TCACAGACCTGTTATTGC	TTTGTCTGSTTAATTSCG	litiere_18s	MAN-Ms	sample	NA
11	07	F	MAN-Ns_r4	tctactga	agcacagt	TCACAGACCTGTTATTGC	TTTGTCTGSTTAATTSCG	litiere_18s	MAN-Ns	sample	NA
11	07	G	blk-07_r4	gatgatct	agcacagt	TCACAGACCTGTTATTGC	TTTGTCTGSTTAATTSCG	litiere_18s	blk-07	control	sequencing
11	07	H	MAN-Os_r4	ctgcgtac	agcacagt	TCACAGACCTGTTATTGC	TTTGTCTGSTTAATTSCG	litiere_18s	MAN-Os	sample	NA
11	08	A	MAN-Ps_r4	gtacgact	tagctagt	TCACAGACCTGTTATTGC	TTTGTCTGSTTAATTSCG	litiere_18s	MAN-Ps	sample	NA
11	08	B	MAN-Qs_r4	atgatcgc	tagctagt	TCACAGACCTGTTATTGC	TTTGTCTGSTTAATTSCG	litiere_18s	MAN-Qs	control	extraction
11	08	C	MAN-Al_r4	acgacgag	tagctagt	TCACAGACCTGTTATTGC	TTTGTCTGSTTAATTSCG	litiere_18s	MAN-Al	sample	NA
11	08	D	MAN-Bl_r4	catcagtc	tagctagt	TCACAGACCTGTTATTGC	TTTGTCTGSTTAATTSCG	litiere_18s	MAN-Bl	sample	NA
11	08	E	MAN-Cl_r4	atcagtca	tagctagt	TCACAGACCTGTTATTGC	TTTGTCTGSTTAATTSCG	litiere_18s	MAN-Cl	sample	NA
11	08	F	MAN-Dl_r4	tctactga	tagctagt	TCACAGACCTGTTATTGC	TTTGTCTGSTTAATTSCG	litiere_18s	MAN-Dl	sample	NA
11	08	G	MAN-El_r4	gatgatct	tagctagt	TCACAGACCTGTTATTGC	TTTGTCTGSTTAATTSCG	litiere_18s	MAN-El	sample	NA
11	08	H	blk-08_r4	ctgcgtac	tagctagt	TCACAGACCTGTTATTGC	TTTGTCTGSTTAATTSCG	litiere_18s	blk-08	control	sequencing
11	09	A	MAN-Fl_r4	gtacgact	agtgctac	TCACAGACCTGTTATTGC	TTTGTCTGSTTAATTSCG	litiere_18s	MAN-Fl	sample	NA
11	09	B	MAN-Gl_r4	atgatcgc	agtgctac	TCACAGACCTGTTATTGC	TTTGTCTGSTTAATTSCG	litiere_18s	MAN-Gl	sample	NA
11	09	C	MAN-Hl_r4	acgacgag	agtgctac	TCACAGACCTGTTATTGC	TTTGTCTGSTTAATTSCG	litiere_18s	MAN-Hl	sample	NA
11	09	D	MAN-Il_r4	catcagtc	agtgctac	TCACAGACCTGTTATTGC	TTTGTCTGSTTAATTSCG	litiere_18s	MAN-Il	sample	NA
11	09	E	MAN-Jl_r4	atcagtca	agtgctac	TCACAGACCTGTTATTGC	TTTGTCTGSTTAATTSCG	litiere_18s	MAN-Jl	sample	NA
11	09	F	MAN-Kl_r4	tctactga	agtgctac	TCACAGACCTGTTATTGC	TTTGTCTGSTTAATTSCG	litiere_18s	MAN-Kl	sample	NA
11	09	G	blk-09_r4	gatgatct	agtgctac	TCACAGACCTGTTATTGC	TTTGTCTGSTTAATTSCG	litiere_18s	blk-09	control	sequencing
11	09	H	MAN-Ll_r4	ctgcgtac	agtgctac	TCACAGACCTGTTATTGC	TTTGTCTGSTTAATTSCG	litiere_18s	MAN-Ll	sample	NA
11	10	A	MAN-Ml_r4	gtacgact	cgtataca	TCACAGACCTGTTATTGC	TTTGTCTGSTTAATTSCG	litiere_18s	MAN-Ml	sample	NA
11	10	B	MAN-Nl_r4	atgatcgc	cgtataca	TCACAGACCTGTTATTGC	TTTGTCTGSTTAATTSCG	litiere_18s	MAN-Nl	sample	NA
11	10	C	MAN-Ol_r4	acgacgag	cgtataca	TCACAGACCTGTTATTGC	TTTGTCTGSTTAATTSCG	litiere_18s	MAN-Ol	sample	NA
11	10	D	MAN-Pl_r4	catcagtc	cgtataca	TCACAGACCTGTTATTGC	TTTGTCTGSTTAATTSCG	litiere_18s	MAN-Pl	sample	NA
11	10	E	MAN-Ql_r4	atcagtca	cgtataca	TCACAGACCTGTTATTGC	TTTGTCTGSTTAATTSCG	litiere_18s	MAN-Ql	control	extraction
11	10	F	blk-10_r4	tctactga	cgtataca	TCACAGACCTGTTATTGC	TTTGTCTGSTTAATTSCG	litiere_18s	blk-10	control	sequencing
11	10	G	cp-01_r4	gatgatct	cgtataca	TCACAGACCTGTTATTGC	TTTGTCTGSTTAATTSCG	litiere_18s	cp-01	control	positive
11	10	H	cp-02_r4	ctgcgtac	cgtataca	TCACAGACCTGTTATTGC	TTTGTCTGSTTAATTSCG	litiere_18s	cp-02	control	positive
11	11	A	cp-03_r4	gtacgact	cgagtcgt	TCACAGACCTGTTATTGC	TTTGTCTGSTTAATTSCG	litiere_18s	cp-03	control	positive
11	11	B	cp-04_r4	atgatcgc	cgagtcgt	TCACAGACCTGTTATTGC	TTTGTCTGSTTAATTSCG	litiere_18s	cp-04	control	positive
11	11	C	cp-05_r4	acgacgag	cgagtcgt	TCACAGACCTGTTATTGC	TTTGTCTGSTTAATTSCG	litiere_18s	cp-05	control	positive
11	11	D	cp-06_r4	catcagtc	cgagtcgt	TCACAGACCTGTTATTGC	TTTGTCTGSTTAATTSCG	litiere_18s	cp-06	control	positive
11	11	E	blk-11_r4	atcagtca	cgagtcgt	TCACAGACCTGTTATTGC	TTTGTCTGSTTAATTSCG	litiere_18s	blk-11	control	sequencing
11	11	F	cp-07_r4	tctactga	cgagtcgt	TCACAGACCTGTTATTGC	TTTGTCTGSTTAATTSCG	litiere_18s	cp-07	control	positive
11	11	G	cp-08_r4	gatgatct	cgagtcgt	TCACAGACCTGTTATTGC	TTTGTCTGSTTAATTSCG	litiere_18s	cp-08	control	positive
11	11	H	cn-01_r4	ctgcgtac	cgagtcgt	TCACAGACCTGTTATTGC	TTTGTCTGSTTAATTSCG	litiere_18s	cn-01	control	PCR
11	12	A	cn-02_r4	gtacgact	cacatgat	TCACAGACCTGTTATTGC	TTTGTCTGSTTAATTSCG	litiere_18s	cn-02	control	PCR
11	12	B	cn-03_r4	atgatcgc	cacatgat	TCACAGACCTGTTATTGC	TTTGTCTGSTTAATTSCG	litiere_18s	cn-03	control	PCR
11	12	C	cn-04_r4	acgacgag	cacatgat	TCACAGACCTGTTATTGC	TTTGTCTGSTTAATTSCG	litiere_18s	cn-04	control	PCR
11	12	D	blk-12_r4	catcagtc	cacatgat	TCACAGACCTGTTATTGC	TTTGTCTGSTTAATTSCG	litiere_18s	blk-12	control	sequencing
11	12	E	cn-05_r4	atcagtca	cacatgat	TCACAGACCTGTTATTGC	TTTGTCTGSTTAATTSCG	litiere_18s	cn-05	control	PCR
11	12	F	cn-06_r4	tctactga	cacatgat	TCACAGACCTGTTATTGC	TTTGTCTGSTTAATTSCG	litiere_18s	cn-06	control	PCR
11	12	G	cn-07_r4	gatgatct	cacatgat	TCACAGACCTGTTATTGC	TTTGTCTGSTTAATTSCG	litiere_18s	cn-07	control	PCR
11	12	H	cn-08_r4	ctgcgtac	cacatgat	TCACAGACCTGTTATTGC	TTTGTCTGSTTAATTSCG	litiere_18s	cn-08	control	PCR
